chr	start	end	InteractionFrequency
1	0	3000	2.304949560035652
1	3000	6000	2.1587614492322897
1	6000	9000	2.226125855893996
1	9000	12000	2.2468947400008186
1	12000	15000	2.182127153558833
1	15000	18000	2.1088889706464675
1	18000	21000	2.182127153558833
1	21000	24000	2.009263887310946
1	24000	27000	2.054143494404724
1	27000	30000	2.170566006577314
1	30000	33000	2.1587614492322897
1	33000	36000	2.039579149222864
1	36000	39000	2.1088889706464675
1	39000	42000	2.054143494404724
1	42000	45000	1.9934685959408802
1	45000	48000	1.960476976854214
1	48000	51000	1.9934685959408802
1	51000	54000	2.1088889706464675
1	54000	57000	2.024626376063206
1	57000	60000	1.7580583234347407
1	60000	63000	1.9070369628169368
1	63000	66000	2.1088889706464675
1	66000	69000	2.1088889706464675
1	69000	72000	2.039579149222864
1	72000	75000	1.9070369628169368
1	75000	78000	1.9254220775605873
1	78000	81000	2.0956955204348895
1	81000	84000	1.9772154068209666
1	84000	87000	1.9432234382030678
1	87000	90000	1.8880285064153923
1	90000	93000	2.024626376063206
1	93000	96000	2.039579149222864
1	96000	99000	2.054143494404724
1	99000	102000	1.9772154068209666
1	102000	105000	1.9432234382030678
1	105000	108000	1.9070369628169368
1	108000	111000	1.5885707191803529
1	111000	114000	1.5545787505624542
1	114000	117000	1.47970826442003
1	117000	120000	1.6509344615822503
1	120000	123000	1.6206191996703323
1	123000	126000	1.6796943944426908
1	126000	129000	1.5183922751763232
1	129000	132000	1.7331344084799682
1	132000	135000	1.6796943944426908
1	135000	138000	1.707050832794276
1	138000	141000	1.5183922751763232
1	141000	144000	1.5545787505624542
1	144000	147000	1.6796943944426908
1	147000	150000	1.6206191996703323
1	150000	153000	1.5545787505624542
1	153000	156000	1.6509344615822503
1	156000	159000	1.5885707191803529
1	159000	162000	1.6206191996703323
1	162000	165000	1.707050832794276
1	165000	168000	1.8048100383229275
1	168000	171000	1.9254220775605873
1	171000	174000	1.7331344084799682
1	174000	177000	1.5885707191803529
1	177000	180000	1.5545787505624542
1	180000	183000	1.7580583234347407
1	183000	186000	1.9772154068209666
1	186000	189000	2.054143494404724
1	189000	192000	1.707050832794276
1	192000	195000	1.7819213189367002
1	195000	198000	1.7331344084799682
1	198000	201000	1.47970826442003
1	201000	204000	1.5183922751763232
1	204000	207000	1.6509344615822503
1	207000	210000	1.47970826442003
1	210000	213000	1.5545787505624542
1	213000	216000	1.5885707191803529
1	216000	219000	1.47970826442003
1	219000	222000	1.1659340629218404
1	222000	225000	1.707050832794276
1	225000	228000	1.4381562383898647
1	228000	231000	1.5545787505624542
1	231000	234000	1.5545787505624542
1	234000	237000	1.7331344084799682
1	237000	240000	1.7580583234347407
1	240000	243000	1.5545787505624542
1	243000	246000	1.47970826442003
1	246000	249000	1.0910635767794166
1	249000	252000	1.6796943944426908
1	252000	255000	1.1659340629218404
1	255000	258000	0.9024050191614638
1	258000	261000	1.5183922751763232
1	261000	264000	1.707050832794276
1	264000	267000	1.6509344615822503
1	267000	270000	1.3444897208393547
1	270000	273000	0.9024050191614638
1	273000	276000	1.231974512029719
1	276000	279000	1.1659340629218404
1	279000	282000	0.9024050191614638
1	282000	285000	0.9024050191614638
1	285000	288000	0.38864468764061355
1	288000	291000	1.0910635767794166
1	291000	294000	0.6159872560148595
1	294000	297000	1.0910635767794166
1	297000	300000	1.231974512029719
1	300000	303000	1.3932766312960865
1	303000	306000	1.6206191996703323
1	306000	309000	1.8683529520606437
1	309000	312000	1.8048100383229275
1	312000	315000	1.7819213189367002
1	315000	318000	1.7819213189367002
1	318000	321000	1.7819213189367002
1	321000	324000	1.7331344084799682
1	324000	327000	1.5183922751763232
1	327000	330000	1.5885707191803529
1	330000	333000	1.1659340629218404
1	333000	336000	1.5545787505624542
1	336000	339000	1.1659340629218404
1	339000	342000	1.231974512029719
1	342000	345000	1.0910635767794166
1	345000	348000	1.004631943655473
1	348000	351000	0.9024050191614638
1	351000	354000	0.9024050191614638
1	354000	357000	1.231974512029719
1	357000	360000	0.6159872560148595
1	360000	363000	0.9024050191614638
1	363000	366000	1.2910497068020774
1	366000	369000	1.3932766312960865
1	369000	372000	1.3932766312960865
1	372000	375000	0.9024050191614638
1	375000	378000	1.1659340629218404
1	378000	381000	1.231974512029719
1	381000	384000	1.004631943655473
1	384000	387000	1.0910635767794166
1	387000	390000	1.47970826442003
1	390000	393000	2.009263887310946
1	393000	396000	2.039579149222864
1	396000	399000	1.960476976854214
1	399000	402000	1.5545787505624542
1	402000	405000	1.2910497068020774
1	405000	408000	0.0
1	408000	411000	1.47970826442003
1	411000	414000	0.9024050191614638
1	414000	417000	1.004631943655473
1	417000	420000	1.231974512029719
1	420000	423000	1.3444897208393547
1	423000	426000	1.6509344615822503
1	426000	429000	1.9070369628169368
1	429000	432000	2.226125855893996
1	432000	435000	2.1934547259635413
1	435000	438000	1.8880285064153923
1	438000	441000	1.5885707191803529
1	441000	444000	1.7819213189367002
1	444000	447000	1.5545787505624542
1	447000	450000	1.4381562383898647
1	450000	453000	1.2910497068020774
1	453000	456000	1.1659340629218404
1	456000	459000	0.9024050191614638
1	459000	462000	1.4381562383898647
1	462000	465000	1.3444897208393547
1	465000	468000	1.8880285064153923
1	468000	471000	1.9432234382030678
1	471000	474000	1.707050832794276
1	474000	477000	1.1659340629218404
1	477000	480000	0.9024050191614638
1	480000	483000	0.9024050191614638
1	483000	486000	0.9024050191614638
1	486000	489000	1.0910635767794166
1	489000	492000	0.38864468764061355
1	492000	495000	1.0910635767794166
1	495000	498000	0.38864468764061355
1	498000	501000	1.0910635767794166
1	501000	504000	1.231974512029719
1	504000	507000	1.5545787505624542
1	507000	510000	0.9024050191614638
1	510000	513000	0.9024050191614638
1	513000	516000	0.6159872560148595
1	516000	519000	0.38864468764061355
1	519000	522000	0.6159872560148595
1	522000	525000	0.0
1	525000	528000	0.0
1	528000	531000	0.7772893752812271
1	531000	534000	0.7772893752812271
1	534000	537000	1.231974512029719
1	537000	540000	0.38864468764061355
1	540000	543000	0.9024050191614638
1	543000	546000	0.7772893752812271
1	546000	549000	0.6159872560148595
1	549000	552000	1.004631943655473
1	552000	555000	0.7772893752812271
1	555000	558000	1.231974512029719
1	558000	561000	1.3444897208393547
1	561000	564000	0.0
1	564000	567000	0.38864468764061355
1	567000	570000	0.7772893752812271
1	570000	573000	0.6159872560148595
1	573000	576000	0.38864468764061355
1	576000	579000	0.9024050191614638
1	579000	582000	0.0
1	582000	585000	0.6159872560148595
1	585000	588000	0.38864468764061355
1	588000	591000	0.6159872560148595
1	591000	594000	0.6159872560148595
1	594000	597000	0.7772893752812271
1	597000	600000	0.7772893752812271
1	600000	603000	0.38864468764061355
1	603000	606000	0.6159872560148595
1	606000	609000	0.6159872560148595
1	609000	612000	0.7772893752812271
1	612000	615000	0.0
1	615000	618000	0.6159872560148595
1	618000	621000	0.0
1	621000	624000	0.6159872560148595
1	624000	627000	0.0
1	627000	630000	0.9024050191614638
1	630000	633000	1.004631943655473
1	633000	636000	0.38864468764061355
1	636000	639000	0.0
1	639000	642000	0.7772893752812271
1	642000	645000	0.9024050191614638
1	645000	648000	0.38864468764061355
1	648000	651000	0.9024050191614638
1	651000	654000	0.6159872560148595
1	654000	657000	0.38864468764061355
1	657000	660000	0.6159872560148595
1	660000	663000	0.0
1	663000	666000	0.9024050191614638
1	666000	669000	0.7772893752812271
1	669000	672000	0.38864468764061355
1	672000	675000	0.6159872560148595
1	675000	678000	0.7772893752812271
1	678000	681000	0.38864468764061355
1	681000	684000	1.004631943655473
1	684000	687000	1.0910635767794166
1	687000	690000	0.9024050191614638
1	690000	693000	1.1659340629218404
1	693000	696000	1.004631943655473
1	696000	699000	0.9024050191614638
1	699000	702000	0.7772893752812271
1	702000	705000	0.9024050191614638
1	705000	708000	1.5183922751763232
1	708000	711000	1.8048100383229275
1	711000	714000	2.039579149222864
1	714000	717000	2.0821841253531383
1	717000	720000	2.009263887310946
1	720000	723000	1.5885707191803529
1	723000	726000	1.1659340629218404
1	726000	729000	0.9024050191614638
1	729000	732000	0.9024050191614638
1	732000	735000	1.3444897208393547
1	735000	738000	1.0910635767794166
1	738000	741000	1.6796943944426908
1	741000	744000	1.8479617680445783
1	744000	747000	1.4381562383898647
1	747000	750000	0.7772893752812271
1	750000	753000	1.004631943655473
1	753000	756000	0.9024050191614638
1	756000	759000	1.004631943655473
1	759000	762000	0.0
1	762000	765000	0.9024050191614638
1	765000	768000	1.2910497068020774
1	768000	771000	0.9024050191614638
1	771000	774000	0.6159872560148595
1	774000	777000	1.004631943655473
1	777000	780000	0.6159872560148595
1	780000	783000	0.9024050191614638
1	783000	786000	0.38864468764061355
1	786000	789000	1.0910635767794166
1	789000	792000	1.231974512029719
1	792000	795000	0.7772893752812271
1	795000	798000	0.38864468764061355
1	798000	801000	0.38864468764061355
1	801000	804000	0.7772893752812271
1	804000	807000	0.6159872560148595
1	807000	810000	0.6159872560148595
1	810000	813000	0.9024050191614638
1	813000	816000	0.0
1	816000	819000	0.0
1	819000	822000	0.38864468764061355
1	822000	825000	0.6159872560148595
1	825000	828000	0.6159872560148595
1	828000	831000	0.6159872560148595
1	831000	834000	0.6159872560148595
1	834000	837000	0.0
1	837000	840000	0.6159872560148595
1	840000	843000	1.0910635767794166
1	843000	846000	1.004631943655473
1	846000	849000	0.9024050191614638
1	849000	852000	0.0
1	852000	855000	0.7772893752812271
1	855000	858000	0.6159872560148595
1	858000	861000	0.38864468764061355
1	861000	864000	0.7772893752812271
1	864000	867000	0.0
1	867000	870000	0.38864468764061355
1	870000	873000	0.0
1	873000	876000	1.004631943655473
1	876000	879000	1.1659340629218404
1	879000	882000	1.0910635767794166
1	882000	885000	1.004631943655473
1	885000	888000	1.004631943655473
1	888000	891000	0.9024050191614638
1	891000	894000	1.2910497068020774
1	894000	897000	1.3444897208393547
1	897000	900000	1.5545787505624542
1	900000	903000	1.2910497068020774
1	903000	906000	1.47970826442003
1	906000	909000	1.3444897208393547
1	909000	912000	1.5545787505624542
1	912000	915000	2.0683390820833045
1	915000	918000	1.9070369628169368
1	918000	921000	1.960476976854214
1	921000	924000	1.9934685959408802
1	924000	927000	1.9772154068209666
1	927000	930000	1.8880285064153923
1	930000	933000	1.47970826442003
1	933000	936000	1.2910497068020774
1	936000	939000	1.2910497068020774
1	939000	942000	1.5545787505624542
1	942000	945000	1.2910497068020774
1	945000	948000	1.1659340629218404
1	948000	951000	1.0910635767794166
1	951000	954000	1.004631943655473
1	954000	957000	0.38864468764061355
1	957000	960000	0.9024050191614638
1	960000	963000	0.6159872560148595
1	963000	966000	0.6159872560148595
1	966000	969000	0.38864468764061355
1	969000	972000	0.7772893752812271
1	972000	975000	0.9024050191614638
1	975000	978000	0.38864468764061355
1	978000	981000	0.6159872560148595
1	981000	984000	0.7772893752812271
1	984000	987000	0.0
1	987000	990000	0.7772893752812271
1	990000	993000	0.7772893752812271
1	993000	996000	0.9024050191614638
1	996000	999000	0.7772893752812271
1	999000	1002000	1.0910635767794166
1	1002000	1005000	0.38864468764061355
1	1005000	1008000	0.38864468764061355
1	1008000	1011000	0.9024050191614638
1	1011000	1014000	0.9024050191614638
1	1014000	1017000	0.38864468764061355
1	1017000	1020000	0.6159872560148595
1	1020000	1023000	0.7772893752812271
1	1023000	1026000	0.38864468764061355
1	1026000	1029000	0.7772893752812271
1	1029000	1032000	0.38864468764061355
1	1032000	1035000	0.0
1	1035000	1038000	0.7772893752812271
1	1038000	1041000	0.9024050191614638
1	1041000	1044000	0.7772893752812271
1	1044000	1047000	0.9024050191614638
1	1047000	1050000	0.7772893752812271
1	1050000	1053000	1.004631943655473
1	1053000	1056000	0.6159872560148595
1	1056000	1059000	0.38864468764061355
1	1059000	1062000	0.38864468764061355
1	1062000	1065000	0.7772893752812271
1	1065000	1068000	0.9024050191614638
1	1068000	1071000	0.7772893752812271
1	1071000	1074000	0.38864468764061355
1	1074000	1077000	0.6159872560148595
1	1077000	1080000	0.6159872560148595
1	1080000	1083000	0.0
1	1083000	1086000	0.6159872560148595
1	1086000	1089000	0.38864468764061355
1	1089000	1092000	0.38864468764061355
1	1092000	1095000	1.004631943655473
1	1095000	1098000	0.7772893752812271
1	1098000	1101000	0.38864468764061355
1	1101000	1104000	0.7772893752812271
1	1104000	1107000	0.38864468764061355
1	1107000	1110000	0.6159872560148595
1	1110000	1113000	0.38864468764061355
1	1113000	1116000	0.7772893752812271
1	1116000	1119000	1.0910635767794166
1	1119000	1122000	0.7772893752812271
1	1122000	1125000	0.38864468764061355
1	1125000	1128000	1.1659340629218404
1	1128000	1131000	0.9024050191614638
1	1131000	1134000	0.38864468764061355
1	1134000	1137000	0.38864468764061355
1	1137000	1140000	0.7772893752812271
1	1140000	1143000	0.9024050191614638
1	1143000	1146000	1.0910635767794166
1	1146000	1149000	1.0910635767794166
1	1149000	1152000	1.2910497068020774
1	1152000	1155000	1.3932766312960865
1	1155000	1158000	2.0683390820833045
1	1158000	1161000	1.8880285064153923
1	1161000	1164000	0.7772893752812271
1	1164000	1167000	0.9024050191614638
1	1167000	1170000	0.7772893752812271
1	1170000	1173000	1.1659340629218404
1	1173000	1176000	1.5545787505624542
1	1176000	1179000	1.231974512029719
1	1179000	1182000	1.231974512029719
1	1182000	1185000	1.2910497068020774
1	1185000	1188000	1.7331344084799682
1	1188000	1191000	2.054143494404724
1	1191000	1194000	1.9772154068209666
1	1194000	1197000	1.7819213189367002
1	1197000	1200000	1.5183922751763232
1	1200000	1203000	1.231974512029719
1	1203000	1206000	1.0910635767794166
1	1206000	1209000	1.1659340629218404
1	1209000	1212000	1.004631943655473
1	1212000	1215000	1.1659340629218404
1	1215000	1218000	0.6159872560148595
1	1218000	1221000	1.7819213189367002
1	1221000	1224000	2.009263887310946
1	1224000	1227000	1.2910497068020774
1	1227000	1230000	1.231974512029719
1	1230000	1233000	1.0910635767794166
1	1233000	1236000	1.231974512029719
1	1236000	1239000	1.004631943655473
1	1239000	1242000	0.9024050191614638
1	1242000	1245000	1.004631943655473
1	1245000	1248000	0.9024050191614638
1	1248000	1251000	1.231974512029719
1	1251000	1254000	1.1659340629218404
1	1254000	1257000	0.9024050191614638
1	1257000	1260000	0.9024050191614638
1	1260000	1263000	0.6159872560148595
1	1263000	1266000	0.6159872560148595
1	1266000	1269000	1.2910497068020774
1	1269000	1272000	0.7772893752812271
1	1272000	1275000	1.004631943655473
1	1275000	1278000	0.0
1	1278000	1281000	0.38864468764061355
1	1281000	1284000	0.6159872560148595
1	1284000	1287000	0.9024050191614638
1	1287000	1290000	0.38864468764061355
1	1290000	1293000	0.6159872560148595
1	1293000	1296000	0.6159872560148595
1	1296000	1299000	0.9024050191614638
1	1299000	1302000	0.6159872560148595
1	1302000	1305000	0.6159872560148595
1	1305000	1308000	0.7772893752812271
1	1308000	1311000	0.38864468764061355
1	1311000	1314000	0.38864468764061355
1	1314000	1317000	0.6159872560148595
1	1317000	1320000	0.0
1	1320000	1323000	0.7772893752812271
1	1323000	1326000	0.7772893752812271
1	1326000	1329000	0.38864468764061355
1	1329000	1332000	0.0
1	1332000	1335000	0.38864468764061355
1	1335000	1338000	0.6159872560148595
1	1338000	1341000	0.6159872560148595
1	1341000	1344000	0.7772893752812271
1	1344000	1347000	0.7772893752812271
1	1347000	1350000	0.7772893752812271
1	1350000	1353000	0.0
1	1353000	1356000	0.38864468764061355
1	1356000	1359000	0.0
1	1359000	1362000	0.0
1	1362000	1365000	0.0
1	1365000	1368000	0.7772893752812271
1	1368000	1371000	0.6159872560148595
1	1371000	1374000	0.6159872560148595
1	1374000	1377000	0.38864468764061355
1	1377000	1380000	1.0910635767794166
1	1380000	1383000	0.6159872560148595
1	1383000	1386000	0.6159872560148595
1	1386000	1389000	0.6159872560148595
1	1389000	1392000	0.38864468764061355
1	1392000	1395000	0.7772893752812271
1	1395000	1398000	0.7772893752812271
1	1398000	1401000	0.9024050191614638
1	1401000	1404000	0.0
1	1404000	1407000	0.6159872560148595
1	1407000	1410000	0.38864468764061355
1	1410000	1413000	0.6159872560148595
1	1413000	1416000	1.0910635767794166
1	1416000	1419000	1.004631943655473
1	1419000	1422000	0.38864468764061355
1	1422000	1425000	0.38864468764061355
1	1425000	1428000	0.38864468764061355
1	1428000	1431000	0.6159872560148595
1	1431000	1434000	1.5545787505624542
1	1434000	1437000	2.2045579751952125
1	1437000	1440000	1.2910497068020774
1	1440000	1443000	0.38864468764061355
1	1443000	1446000	0.0
1	1446000	1449000	0.38864468764061355
1	1449000	1452000	0.0
1	1452000	1455000	0.38864468764061355
1	1455000	1458000	0.6159872560148595
1	1458000	1461000	0.7772893752812271
1	1461000	1464000	0.6159872560148595
1	1464000	1467000	0.6159872560148595
1	1467000	1470000	0.0
1	1470000	1473000	0.38864468764061355
1	1473000	1476000	0.6159872560148595
1	1476000	1479000	0.38864468764061355
1	1479000	1482000	0.38864468764061355
1	1482000	1485000	0.0
1	1485000	1488000	0.0
1	1488000	1491000	0.0
1	1491000	1494000	0.38864468764061355
1	1494000	1497000	0.7772893752812271
1	1497000	1500000	0.0
1	1500000	1503000	0.38864468764061355
1	1503000	1506000	0.6159872560148595
1	1506000	1509000	0.0
1	1509000	1512000	0.6159872560148595
1	1512000	1515000	0.6159872560148595
1	1515000	1518000	0.38864468764061355
1	1518000	1521000	0.7772893752812271
1	1521000	1524000	0.0
1	1524000	1527000	0.0
1	1527000	1530000	0.0
1	1530000	1533000	0.0
1	1533000	1536000	0.0
1	1536000	1539000	0.0
1	1539000	1542000	0.6159872560148595
1	1542000	1545000	0.38864468764061355
1	1545000	1548000	0.38864468764061355
1	1548000	1551000	0.9024050191614638
1	1551000	1554000	0.38864468764061355
1	1554000	1557000	0.9024050191614638
1	1557000	1560000	0.9024050191614638
1	1560000	1563000	0.0
1	1563000	1566000	0.7772893752812271
1	1566000	1569000	0.38864468764061355
1	1569000	1572000	0.6159872560148595
1	1572000	1575000	0.38864468764061355
1	1575000	1578000	0.0
1	1578000	1581000	0.38864468764061355
1	1581000	1584000	0.38864468764061355
1	1584000	1587000	0.0
1	1587000	1590000	0.7772893752812271
1	1590000	1593000	0.9024050191614638
1	1593000	1596000	0.9024050191614638
1	1596000	1599000	0.7772893752812271
1	1599000	1602000	0.0
1	1602000	1605000	0.0
1	1605000	1608000	0.7772893752812271
1	1608000	1611000	0.0
1	1611000	1614000	0.0
1	1614000	1617000	0.38864468764061355
1	1617000	1620000	1.0910635767794166
1	1620000	1623000	0.0
1	1623000	1626000	0.38864468764061355
1	1626000	1629000	0.0
1	1629000	1632000	0.0
1	1632000	1635000	0.0
1	1635000	1638000	0.38864468764061355
1	1638000	1641000	0.0
1	1641000	1644000	0.6159872560148595
1	1644000	1647000	0.0
1	1647000	1650000	0.6159872560148595
1	1650000	1653000	0.38864468764061355
1	1653000	1656000	0.6159872560148595
1	1656000	1659000	0.38864468764061355
1	1659000	1662000	0.0
1	1662000	1665000	0.0
1	1665000	1668000	0.6159872560148595
1	1668000	1671000	0.7772893752812271
1	1671000	1674000	0.6159872560148595
1	1674000	1677000	0.38864468764061355
1	1677000	1680000	0.0
1	1680000	1683000	0.0
1	1683000	1686000	0.0
1	1686000	1689000	0.0
1	1689000	1692000	0.6159872560148595
1	1692000	1695000	0.38864468764061355
1	1695000	1698000	0.38864468764061355
1	1698000	1701000	0.0
1	1701000	1704000	0.0
1	1704000	1707000	0.6159872560148595
1	1707000	1710000	0.38864468764061355
1	1710000	1713000	0.7772893752812271
1	1713000	1716000	0.38864468764061355
1	1716000	1719000	0.38864468764061355
1	1719000	1722000	0.0
1	1722000	1725000	0.38864468764061355
1	1725000	1728000	0.0
1	1728000	1731000	0.38864468764061355
1	1731000	1734000	0.38864468764061355
1	1734000	1737000	1.2910497068020774
1	1737000	1740000	0.38864468764061355
1	1740000	1743000	0.0
1	1743000	1746000	0.38864468764061355
1	1746000	1749000	0.7772893752812271
1	1749000	1752000	0.6159872560148595
1	1752000	1755000	0.38864468764061355
1	1755000	1758000	1.004631943655473
1	1758000	1761000	0.38864468764061355
1	1761000	1764000	0.0
1	1764000	1767000	0.0
1	1767000	1770000	0.0
1	1770000	1773000	1.004631943655473
1	1773000	1776000	0.6159872560148595
1	1776000	1779000	0.7772893752812271
1	1779000	1782000	1.004631943655473
1	1782000	1785000	0.6159872560148595
1	1785000	1788000	1.2910497068020774
1	1788000	1791000	1.1659340629218404
1	1791000	1794000	1.004631943655473
1	1794000	1797000	0.38864468764061355
1	1797000	1800000	0.7772893752812271
1	1800000	1803000	0.7772893752812271
1	1803000	1806000	0.7772893752812271
1	1806000	1809000	0.6159872560148595
1	1809000	1812000	0.9024050191614638
1	1812000	1815000	0.38864468764061355
1	1815000	1818000	0.6159872560148595
1	1818000	1821000	0.6159872560148595
1	1821000	1824000	0.0
1	1824000	1827000	0.0
1	1827000	1830000	0.9024050191614638
1	1830000	1833000	0.7772893752812271
1	1833000	1836000	0.9024050191614638
1	1836000	1839000	1.0910635767794166
1	1839000	1842000	0.6159872560148595
1	1842000	1845000	1.3932766312960865
1	1845000	1848000	0.9024050191614638
1	1848000	1851000	0.0
1	1851000	1854000	0.38864468764061355
1	1854000	1857000	0.0
1	1857000	1860000	0.9024050191614638
1	1860000	1863000	0.0
1	1863000	1866000	0.38864468764061355
1	1866000	1869000	1.004631943655473
1	1869000	1872000	0.7772893752812271
1	1872000	1875000	0.7772893752812271
1	1875000	1878000	0.38864468764061355
1	1878000	1881000	0.0
1	1881000	1884000	0.38864468764061355
1	1884000	1887000	0.38864468764061355
1	1887000	1890000	0.9024050191614638
1	1890000	1893000	0.9024050191614638
1	1893000	1896000	0.0
1	1896000	1899000	0.6159872560148595
1	1899000	1902000	0.7772893752812271
1	1902000	1905000	0.38864468764061355
1	1905000	1908000	0.0
1	1908000	1911000	0.9024050191614638
1	1911000	1914000	0.0
1	1914000	1917000	1.004631943655473
1	1917000	1920000	0.6159872560148595
1	1920000	1923000	0.0
1	1923000	1926000	0.38864468764061355
1	1926000	1929000	0.0
1	1929000	1932000	0.9024050191614638
1	1932000	1935000	0.38864468764061355
1	1935000	1938000	0.38864468764061355
1	1938000	1941000	0.6159872560148595
1	1941000	1944000	0.6159872560148595
1	1944000	1947000	0.38864468764061355
1	1947000	1950000	0.0
1	1950000	1953000	0.6159872560148595
1	1953000	1956000	0.7772893752812271
1	1956000	1959000	0.38864468764061355
1	1959000	1962000	0.0
1	1962000	1965000	0.9024050191614638
1	1965000	1968000	0.38864468764061355
1	1968000	1971000	0.7772893752812271
1	1971000	1974000	0.6159872560148595
1	1974000	1977000	0.9024050191614638
1	1977000	1980000	0.7772893752812271
1	1980000	1983000	0.6159872560148595
1	1983000	1986000	0.0
1	1986000	1989000	0.38864468764061355
1	1989000	1992000	0.9024050191614638
1	1992000	1995000	0.7772893752812271
1	1995000	1998000	0.6159872560148595
1	1998000	2001000	0.9024050191614638
1	2001000	2004000	0.0
1	2004000	2007000	0.9024050191614638
1	2007000	2010000	0.0
1	2010000	2013000	0.7772893752812271
1	2013000	2016000	0.9024050191614638
1	2016000	2019000	0.6159872560148595
1	2019000	2022000	0.6159872560148595
1	2022000	2025000	0.0
1	2025000	2028000	0.0
1	2028000	2031000	0.6159872560148595
1	2031000	2034000	0.0
1	2034000	2037000	0.7772893752812271
1	2037000	2040000	0.38864468764061355
1	2040000	2043000	0.6159872560148595
1	2043000	2046000	0.38864468764061355
1	2046000	2049000	1.1659340629218404
1	2049000	2052000	0.38864468764061355
1	2052000	2055000	1.0910635767794166
1	2055000	2058000	0.38864468764061355
1	2058000	2061000	0.38864468764061355
1	2061000	2064000	0.9024050191614638
1	2064000	2067000	0.6159872560148595
1	2067000	2070000	0.7772893752812271
1	2070000	2073000	0.38864468764061355
1	2073000	2076000	1.004631943655473
1	2076000	2079000	0.38864468764061355
1	2079000	2082000	0.38864468764061355
1	2082000	2085000	0.0
1	2085000	2088000	0.38864468764061355
1	2088000	2091000	0.0
1	2091000	2094000	0.0
1	2094000	2097000	0.9024050191614638
1	2097000	2100000	0.9024050191614638
1	2100000	2103000	1.8683529520606437
1	2103000	2106000	1.7580583234347407
1	2106000	2109000	0.7772893752812271
1	2109000	2112000	0.9024050191614638
1	2112000	2115000	0.7772893752812271
1	2115000	2118000	0.6159872560148595
1	2118000	2121000	1.004631943655473
1	2121000	2124000	0.0
1	2124000	2127000	0.38864468764061355
1	2127000	2130000	0.38864468764061355
1	2130000	2133000	0.0
1	2133000	2136000	0.38864468764061355
1	2136000	2139000	0.7772893752812271
1	2139000	2142000	0.0
1	2142000	2145000	1.0910635767794166
1	2145000	2148000	0.0
1	2148000	2151000	0.0
1	2151000	2154000	0.9024050191614638
1	2154000	2157000	1.231974512029719
1	2157000	2160000	1.0910635767794166
1	2160000	2163000	1.3444897208393547
1	2163000	2166000	0.0
1	2166000	2169000	0.0
1	2169000	2172000	0.6159872560148595
1	2172000	2175000	0.6159872560148595
1	2175000	2178000	0.0
1	2178000	2181000	0.0
1	2181000	2184000	0.38864468764061355
1	2184000	2187000	0.7772893752812271
1	2187000	2190000	0.6159872560148595
1	2190000	2193000	0.38864468764061355
1	2193000	2196000	0.7772893752812271
1	2196000	2199000	0.38864468764061355
1	2199000	2202000	0.0
1	2202000	2205000	1.004631943655473
1	2205000	2208000	0.0
1	2208000	2211000	1.004631943655473
1	2211000	2214000	0.9024050191614638
1	2214000	2217000	0.6159872560148595
1	2217000	2220000	0.0
1	2220000	2223000	0.0
1	2223000	2226000	0.0
1	2226000	2229000	0.7772893752812271
1	2229000	2232000	0.38864468764061355
1	2232000	2235000	0.38864468764061355
1	2235000	2238000	0.38864468764061355
1	2238000	2241000	0.0
1	2241000	2244000	0.0
1	2244000	2247000	0.6159872560148595
1	2247000	2250000	0.0
1	2250000	2253000	0.0
1	2253000	2256000	0.38864468764061355
1	2256000	2259000	0.7772893752812271
1	2259000	2262000	0.0
1	2262000	2265000	0.9024050191614638
1	2265000	2268000	0.38864468764061355
1	2268000	2271000	0.9024050191614638
1	2271000	2274000	1.004631943655473
1	2274000	2277000	0.0
1	2277000	2280000	0.38864468764061355
1	2280000	2283000	0.6159872560148595
1	2283000	2286000	0.38864468764061355
1	2286000	2289000	0.38864468764061355
1	2289000	2292000	0.0
1	2292000	2295000	0.6159872560148595
1	2295000	2298000	0.6159872560148595
1	2298000	2301000	0.9024050191614638
1	2301000	2304000	1.004631943655473
1	2304000	2307000	0.38864468764061355
1	2307000	2310000	0.7772893752812271
1	2310000	2313000	0.38864468764061355
1	2313000	2316000	0.38864468764061355
1	2316000	2319000	0.0
1	2319000	2322000	0.0
1	2322000	2325000	0.38864468764061355
1	2325000	2328000	0.6159872560148595
1	2328000	2331000	0.38864468764061355
1	2331000	2334000	0.7772893752812271
1	2334000	2337000	0.7772893752812271
1	2337000	2340000	0.0
1	2340000	2343000	0.6159872560148595
1	2343000	2346000	0.38864468764061355
1	2346000	2349000	0.6159872560148595
1	2349000	2352000	0.38864468764061355
1	2352000	2355000	0.38864468764061355
1	2355000	2358000	0.6159872560148595
1	2358000	2361000	0.7772893752812271
1	2361000	2364000	0.38864468764061355
1	2364000	2367000	0.38864468764061355
1	2367000	2370000	0.6159872560148595
1	2370000	2373000	0.38864468764061355
1	2373000	2376000	0.0
1	2376000	2379000	0.6159872560148595
1	2379000	2382000	0.38864468764061355
1	2382000	2385000	1.004631943655473
1	2385000	2388000	1.004631943655473
1	2388000	2391000	1.004631943655473
1	2391000	2394000	0.38864468764061355
1	2394000	2397000	1.0910635767794166
1	2397000	2400000	1.0910635767794166
1	2400000	2403000	0.38864468764061355
1	2403000	2406000	0.0
1	2406000	2409000	0.38864468764061355
1	2409000	2412000	1.004631943655473
1	2412000	2415000	0.7772893752812271
1	2415000	2418000	0.6159872560148595
1	2418000	2421000	0.38864468764061355
1	2421000	2424000	0.6159872560148595
1	2424000	2427000	0.6159872560148595
1	2427000	2430000	0.7772893752812271
1	2430000	2433000	0.38864468764061355
1	2433000	2436000	1.2910497068020774
1	2436000	2439000	1.0910635767794166
1	2439000	2442000	1.9934685959408802
1	2442000	2445000	1.9070369628169368
1	2445000	2448000	1.7580583234347407
1	2448000	2451000	1.7331344084799682
1	2451000	2454000	1.231974512029719
1	2454000	2457000	1.0910635767794166
1	2457000	2460000	1.0910635767794166
1	2460000	2463000	1.0910635767794166
1	2463000	2466000	0.7772893752812271
1	2466000	2469000	0.38864468764061355
1	2469000	2472000	0.38864468764061355
1	2472000	2475000	0.38864468764061355
1	2475000	2478000	0.38864468764061355
1	2478000	2481000	0.0
1	2481000	2484000	0.6159872560148595
1	2484000	2487000	0.38864468764061355
1	2487000	2490000	0.7772893752812271
1	2490000	2493000	0.0
1	2493000	2496000	0.6159872560148595
1	2496000	2499000	0.7772893752812271
1	2499000	2502000	0.6159872560148595
1	2502000	2505000	0.38864468764061355
1	2505000	2508000	0.38864468764061355
1	2508000	2511000	0.38864468764061355
1	2511000	2514000	0.0
1	2514000	2517000	0.6159872560148595
1	2517000	2520000	0.38864468764061355
1	2520000	2523000	0.0
1	2523000	2526000	0.0
1	2526000	2529000	0.38864468764061355
1	2529000	2532000	0.6159872560148595
1	2532000	2535000	0.7772893752812271
1	2535000	2538000	0.38864468764061355
1	2538000	2541000	0.7772893752812271
1	2541000	2544000	0.0
1	2544000	2547000	0.38864468764061355
1	2547000	2550000	0.9024050191614638
1	2550000	2553000	0.6159872560148595
1	2553000	2556000	0.38864468764061355
1	2556000	2559000	0.7772893752812271
1	2559000	2562000	0.0
1	2562000	2565000	0.0
1	2565000	2568000	0.6159872560148595
1	2568000	2571000	0.6159872560148595
1	2571000	2574000	0.6159872560148595
1	2574000	2577000	0.0
1	2577000	2580000	0.6159872560148595
1	2580000	2583000	0.38864468764061355
1	2583000	2586000	0.7772893752812271
1	2586000	2589000	1.231974512029719
1	2589000	2592000	0.7772893752812271
1	2592000	2595000	0.9024050191614638
1	2595000	2598000	0.0
1	2598000	2601000	1.004631943655473
1	2601000	2604000	1.004631943655473
1	2604000	2607000	1.0910635767794166
1	2607000	2610000	0.9024050191614638
1	2610000	2613000	0.6159872560148595
1	2613000	2616000	0.38864468764061355
1	2616000	2619000	0.38864468764061355
1	2619000	2622000	0.9024050191614638
1	2622000	2625000	0.0
1	2625000	2628000	0.6159872560148595
1	2628000	2631000	0.6159872560148595
1	2631000	2634000	0.0
1	2634000	2637000	0.0
1	2637000	2640000	1.004631943655473
1	2640000	2643000	0.38864468764061355
1	2643000	2646000	0.0
1	2646000	2649000	0.38864468764061355
1	2649000	2652000	0.6159872560148595
1	2652000	2655000	0.6159872560148595
1	2655000	2658000	0.38864468764061355
1	2658000	2661000	0.0
1	2661000	2664000	0.38864468764061355
1	2664000	2667000	0.6159872560148595
1	2667000	2670000	0.6159872560148595
1	2670000	2673000	0.0
1	2673000	2676000	0.0
1	2676000	2679000	0.7772893752812271
1	2679000	2682000	0.6159872560148595
1	2682000	2685000	0.7772893752812271
1	2685000	2688000	0.9024050191614638
1	2688000	2691000	0.6159872560148595
1	2691000	2694000	0.6159872560148595
1	2694000	2697000	0.6159872560148595
1	2697000	2700000	0.9024050191614638
1	2700000	2703000	0.0
1	2703000	2706000	0.6159872560148595
1	2706000	2709000	0.6159872560148595
1	2709000	2712000	0.38864468764061355
1	2712000	2715000	0.38864468764061355
1	2715000	2718000	0.6159872560148595
1	2718000	2721000	0.9024050191614638
1	2721000	2724000	0.0
1	2724000	2727000	0.6159872560148595
1	2727000	2730000	0.9024050191614638
1	2730000	2733000	1.3444897208393547
1	2733000	2736000	1.004631943655473
1	2736000	2739000	1.004631943655473
1	2739000	2742000	0.6159872560148595
1	2742000	2745000	0.6159872560148595
1	2745000	2748000	1.1659340629218404
1	2748000	2751000	0.38864468764061355
1	2751000	2754000	1.231974512029719
1	2754000	2757000	1.4381562383898647
1	2757000	2760000	1.6509344615822503
1	2760000	2763000	1.5545787505624542
1	2763000	2766000	1.8683529520606437
1	2766000	2769000	1.9432234382030678
1	2769000	2772000	1.8268009260304785
1	2772000	2775000	1.6796943944426908
1	2775000	2778000	1.7819213189367002
1	2778000	2781000	1.6796943944426908
1	2781000	2784000	1.6509344615822503
1	2784000	2787000	1.707050832794276
1	2787000	2790000	1.6206191996703323
1	2790000	2793000	1.9070369628169368
1	2793000	2796000	1.8479617680445783
1	2796000	2799000	1.7331344084799682
1	2799000	2802000	1.3444897208393547
1	2802000	2805000	1.3932766312960865
1	2805000	2808000	1.004631943655473
1	2808000	2811000	0.9024050191614638
1	2811000	2814000	0.7772893752812271
1	2814000	2817000	1.004631943655473
1	2817000	2820000	0.9024050191614638
1	2820000	2823000	1.4381562383898647
1	2823000	2826000	1.0910635767794166
1	2826000	2829000	1.004631943655473
1	2829000	2832000	1.3444897208393547
1	2832000	2835000	0.6159872560148595
1	2835000	2838000	0.7772893752812271
1	2838000	2841000	1.004631943655473
1	2841000	2844000	0.38864468764061355
1	2844000	2847000	0.38864468764061355
1	2847000	2850000	1.231974512029719
1	2850000	2853000	0.6159872560148595
1	2853000	2856000	0.6159872560148595
1	2856000	2859000	0.0
1	2859000	2862000	0.38864468764061355
1	2862000	2865000	0.9024050191614638
1	2865000	2868000	0.7772893752812271
1	2868000	2871000	0.9024050191614638
1	2871000	2874000	0.0
1	2874000	2877000	0.38864468764061355
1	2877000	2880000	0.38864468764061355
1	2880000	2883000	0.38864468764061355
1	2883000	2886000	0.7772893752812271
1	2886000	2889000	0.9024050191614638
1	2889000	2892000	0.9024050191614638
1	2892000	2895000	0.6159872560148595
1	2895000	2898000	0.9024050191614638
1	2898000	2901000	1.1659340629218404
1	2901000	2904000	0.0
1	2904000	2907000	1.004631943655473
1	2907000	2910000	1.0910635767794166
1	2910000	2913000	0.7772893752812271
1	2913000	2916000	0.6159872560148595
1	2916000	2919000	0.38864468764061355
1	2919000	2922000	0.7772893752812271
1	2922000	2925000	0.0
1	2925000	2928000	0.0
1	2928000	2931000	0.0
1	2931000	2934000	0.0
1	2934000	2937000	0.38864468764061355
1	2937000	2940000	0.6159872560148595
1	2940000	2943000	0.7772893752812271
1	2943000	2946000	1.004631943655473
1	2946000	2949000	0.7772893752812271
1	2949000	2952000	0.6159872560148595
1	2952000	2955000	0.6159872560148595
1	2955000	2958000	0.9024050191614638
1	2958000	2961000	0.9024050191614638
1	2961000	2964000	1.0910635767794166
1	2964000	2967000	0.7772893752812271
1	2967000	2970000	0.6159872560148595
1	2970000	2973000	0.6159872560148595
1	2973000	2976000	0.38864468764061355
1	2976000	2979000	0.7772893752812271
1	2979000	2982000	0.6159872560148595
1	2982000	2985000	0.9024050191614638
1	2985000	2988000	0.6159872560148595
1	2988000	2991000	0.7772893752812271
1	2991000	2994000	1.004631943655473
1	2994000	2997000	0.9024050191614638
1	2997000	3000000	0.7772893752812271
1	3000000	3003000	0.7772893752812271
1	3003000	3006000	0.9024050191614638
1	3006000	3009000	0.7772893752812271
1	3009000	3012000	1.1659340629218404
1	3012000	3015000	0.38864468764061355
1	3015000	3018000	0.38864468764061355
1	3018000	3021000	1.004631943655473
1	3021000	3024000	0.6159872560148595
1	3024000	3027000	1.004631943655473
1	3027000	3030000	0.9024050191614638
1	3030000	3033000	0.38864468764061355
1	3033000	3036000	0.7772893752812271
1	3036000	3039000	0.38864468764061355
1	3039000	3042000	0.9024050191614638
1	3042000	3045000	0.6159872560148595
1	3045000	3048000	1.231974512029719
1	3048000	3051000	0.6159872560148595
1	3051000	3054000	1.0910635767794166
1	3054000	3057000	0.38864468764061355
1	3057000	3060000	0.38864468764061355
1	3060000	3063000	0.0
1	3063000	3066000	0.6159872560148595
1	3066000	3069000	0.7772893752812271
1	3069000	3072000	0.9024050191614638
1	3072000	3075000	0.9024050191614638
1	3075000	3078000	1.004631943655473
1	3078000	3081000	1.0910635767794166
1	3081000	3084000	0.9024050191614638
1	3084000	3087000	0.38864468764061355
1	3087000	3090000	1.1659340629218404
1	3090000	3093000	0.9024050191614638
1	3093000	3096000	0.6159872560148595
1	3096000	3099000	0.6159872560148595
1	3099000	3102000	1.004631943655473
1	3102000	3105000	0.38864468764061355
1	3105000	3108000	1.6206191996703323
1	3108000	3111000	1.6509344615822503
1	3111000	3114000	0.7772893752812271
1	3114000	3117000	0.7772893752812271
1	3117000	3120000	0.6159872560148595
1	3120000	3123000	1.5183922751763232
1	3123000	3126000	1.004631943655473
1	3126000	3129000	0.38864468764061355
1	3129000	3132000	0.38864468764061355
1	3132000	3135000	0.6159872560148595
1	3135000	3138000	0.7772893752812271
1	3138000	3141000	1.0910635767794166
1	3141000	3144000	0.6159872560148595
1	3144000	3147000	0.38864468764061355
1	3147000	3150000	0.7772893752812271
1	3150000	3153000	0.38864468764061355
1	3153000	3156000	0.38864468764061355
1	3156000	3159000	1.004631943655473
1	3159000	3162000	0.6159872560148595
1	3162000	3165000	0.7772893752812271
1	3165000	3168000	0.6159872560148595
1	3168000	3171000	0.6159872560148595
1	3171000	3174000	0.38864468764061355
1	3174000	3177000	0.9024050191614638
1	3177000	3180000	1.1659340629218404
1	3180000	3183000	0.0
1	3183000	3186000	1.004631943655473
1	3186000	3189000	0.6159872560148595
1	3189000	3192000	0.6159872560148595
1	3192000	3195000	1.1659340629218404
1	3195000	3198000	1.004631943655473
1	3198000	3201000	0.7772893752812271
1	3201000	3204000	0.9024050191614638
1	3204000	3207000	1.004631943655473
1	3207000	3210000	0.38864468764061355
1	3210000	3213000	0.9024050191614638
1	3213000	3216000	0.9024050191614638
1	3216000	3219000	1.004631943655473
1	3219000	3222000	0.6159872560148595
1	3222000	3225000	1.47970826442003
1	3225000	3228000	2.054143494404724
1	3228000	3231000	2.054143494404724
1	3231000	3234000	1.8268009260304785
1	3234000	3237000	1.1659340629218404
1	3237000	3240000	0.6159872560148595
1	3240000	3243000	0.9024050191614638
1	3243000	3246000	1.004631943655473
1	3246000	3249000	1.1659340629218404
1	3249000	3252000	1.004631943655473
1	3252000	3255000	1.004631943655473
1	3255000	3258000	0.6159872560148595
1	3258000	3261000	0.6159872560148595
1	3261000	3264000	1.004631943655473
1	3264000	3267000	0.38864468764061355
1	3267000	3270000	0.6159872560148595
1	3270000	3273000	1.231974512029719
1	3273000	3276000	0.9024050191614638
1	3276000	3279000	0.6159872560148595
1	3279000	3282000	0.9024050191614638
1	3282000	3285000	0.7772893752812271
1	3285000	3288000	0.7772893752812271
1	3288000	3291000	0.38864468764061355
1	3291000	3294000	0.7772893752812271
1	3294000	3297000	1.1659340629218404
1	3297000	3300000	0.9024050191614638
1	3300000	3303000	1.3932766312960865
1	3303000	3306000	1.8268009260304785
1	3306000	3309000	1.2910497068020774
1	3309000	3312000	1.004631943655473
1	3312000	3315000	1.0910635767794166
1	3315000	3318000	1.0910635767794166
1	3318000	3321000	0.7772893752812271
1	3321000	3324000	0.7772893752812271
1	3324000	3327000	0.7772893752812271
1	3327000	3330000	0.7772893752812271
1	3330000	3333000	0.7772893752812271
1	3333000	3336000	0.0
1	3336000	3339000	0.6159872560148595
1	3339000	3342000	0.7772893752812271
1	3342000	3345000	1.231974512029719
1	3345000	3348000	0.6159872560148595
1	3348000	3351000	0.9024050191614638
1	3351000	3354000	0.9024050191614638
1	3354000	3357000	0.38864468764061355
1	3357000	3360000	0.9024050191614638
1	3360000	3363000	0.7772893752812271
1	3363000	3366000	0.0
1	3366000	3369000	1.1659340629218404
1	3369000	3372000	0.0
1	3372000	3375000	1.0910635767794166
1	3375000	3378000	0.6159872560148595
1	3378000	3381000	0.9024050191614638
1	3381000	3384000	1.0910635767794166
1	3384000	3387000	0.0
1	3387000	3390000	1.231974512029719
1	3390000	3393000	0.9024050191614638
1	3393000	3396000	0.38864468764061355
1	3396000	3399000	0.7772893752812271
1	3399000	3402000	1.004631943655473
1	3402000	3405000	1.0910635767794166
1	3405000	3408000	1.3444897208393547
1	3408000	3411000	2.226125855893996
1	3411000	3414000	0.0
1	3414000	3417000	2.304949560035652
1	3417000	3420000	1.5885707191803529
1	3420000	3423000	1.4381562383898647
1	3423000	3426000	0.9024050191614638
1	3426000	3429000	0.9024050191614638
1	3429000	3432000	0.6159872560148595
1	3432000	3435000	0.9024050191614638
1	3435000	3438000	0.9024050191614638
1	3438000	3441000	0.38864468764061355
1	3441000	3444000	0.7772893752812271
1	3444000	3447000	0.38864468764061355
1	3447000	3450000	0.7772893752812271
1	3450000	3453000	0.7772893752812271
1	3453000	3456000	1.3932766312960865
1	3456000	3459000	0.0
1	3459000	3462000	0.9024050191614638
1	3462000	3465000	0.38864468764061355
1	3465000	3468000	0.7772893752812271
1	3468000	3471000	0.0
1	3471000	3474000	0.6159872560148595
1	3474000	3477000	1.0910635767794166
1	3477000	3480000	0.6159872560148595
1	3480000	3483000	0.9024050191614638
1	3483000	3486000	0.38864468764061355
1	3486000	3489000	0.7772893752812271
1	3489000	3492000	1.004631943655473
1	3492000	3495000	0.38864468764061355
1	3495000	3498000	0.9024050191614638
1	3498000	3501000	0.9024050191614638
1	3501000	3504000	0.9024050191614638
1	3504000	3507000	0.6159872560148595
1	3507000	3510000	0.9024050191614638
1	3510000	3513000	0.6159872560148595
1	3513000	3516000	0.7772893752812271
1	3516000	3519000	0.7772893752812271
1	3519000	3522000	0.7772893752812271
1	3522000	3525000	1.004631943655473
1	3525000	3528000	0.6159872560148595
1	3528000	3531000	1.004631943655473
1	3531000	3534000	0.6159872560148595
1	3534000	3537000	0.38864468764061355
1	3537000	3540000	1.1659340629218404
1	3540000	3543000	1.0910635767794166
1	3543000	3546000	0.6159872560148595
1	3546000	3549000	1.0910635767794166
1	3549000	3552000	0.7772893752812271
1	3552000	3555000	0.7772893752812271
1	3555000	3558000	0.7772893752812271
1	3558000	3561000	1.3444897208393547
1	3561000	3564000	1.2910497068020774
1	3564000	3567000	1.0910635767794166
1	3567000	3570000	0.38864468764061355
1	3570000	3573000	0.6159872560148595
1	3573000	3576000	1.0910635767794166
1	3576000	3579000	1.1659340629218404
1	3579000	3582000	0.7772893752812271
1	3582000	3585000	1.1659340629218404
1	3585000	3588000	1.3444897208393547
1	3588000	3591000	0.0
1	3591000	3594000	0.38864468764061355
1	3594000	3597000	1.0910635767794166
1	3597000	3600000	1.1659340629218404
1	3600000	3603000	0.6159872560148595
1	3603000	3606000	0.7772893752812271
1	3606000	3609000	0.38864468764061355
1	3609000	3612000	0.6159872560148595
1	3612000	3615000	0.6159872560148595
1	3615000	3618000	1.1659340629218404
1	3618000	3621000	1.004631943655473
1	3621000	3624000	1.231974512029719
1	3624000	3627000	0.7772893752812271
1	3627000	3630000	0.38864468764061355
1	3630000	3633000	0.6159872560148595
1	3633000	3636000	0.38864468764061355
1	3636000	3639000	0.7772893752812271
1	3639000	3642000	0.6159872560148595
1	3642000	3645000	0.7772893752812271
1	3645000	3648000	0.6159872560148595
1	3648000	3651000	0.6159872560148595
1	3651000	3654000	0.6159872560148595
1	3654000	3657000	0.9024050191614638
1	3657000	3660000	0.7772893752812271
1	3660000	3663000	0.9024050191614638
1	3663000	3666000	1.0910635767794166
1	3666000	3669000	1.004631943655473
1	3669000	3672000	0.0
1	3672000	3675000	0.9024050191614638
1	3675000	3678000	0.7772893752812271
1	3678000	3681000	0.7772893752812271
1	3681000	3684000	0.7772893752812271
1	3684000	3687000	0.6159872560148595
1	3687000	3690000	0.7772893752812271
1	3690000	3693000	0.9024050191614638
1	3693000	3696000	1.004631943655473
1	3696000	3699000	0.9024050191614638
1	3699000	3702000	0.38864468764061355
1	3702000	3705000	0.7772893752812271
1	3705000	3708000	1.004631943655473
1	3708000	3711000	0.7772893752812271
1	3711000	3714000	1.2910497068020774
1	3714000	3717000	0.7772893752812271
1	3717000	3720000	0.7772893752812271
1	3720000	3723000	0.9024050191614638
1	3723000	3726000	0.7772893752812271
1	3726000	3729000	1.3932766312960865
1	3729000	3732000	1.0910635767794166
1	3732000	3735000	1.1659340629218404
1	3735000	3738000	1.1659340629218404
1	3738000	3741000	1.231974512029719
1	3741000	3744000	1.1659340629218404
1	3744000	3747000	1.4381562383898647
1	3747000	3750000	1.2910497068020774
1	3750000	3753000	1.47970826442003
1	3753000	3756000	1.47970826442003
1	3756000	3759000	1.5545787505624542
1	3759000	3762000	1.6796943944426908
1	3762000	3765000	1.6796943944426908
1	3765000	3768000	1.5545787505624542
1	3768000	3771000	1.5545787505624542
1	3771000	3774000	1.5183922751763232
1	3774000	3777000	1.5183922751763232
1	3777000	3780000	1.5183922751763232
1	3780000	3783000	1.3932766312960865
1	3783000	3786000	1.2910497068020774
1	3786000	3789000	1.2910497068020774
1	3789000	3792000	1.231974512029719
1	3792000	3795000	1.231974512029719
1	3795000	3798000	1.1659340629218404
1	3798000	3801000	1.4381562383898647
1	3801000	3804000	1.3932766312960865
1	3804000	3807000	1.3444897208393547
1	3807000	3810000	1.3932766312960865
1	3810000	3813000	1.1659340629218404
1	3813000	3816000	1.2910497068020774
1	3816000	3819000	1.1659340629218404
1	3819000	3822000	1.231974512029719
1	3822000	3825000	1.004631943655473
1	3825000	3828000	0.7772893752812271
1	3828000	3831000	0.9024050191614638
1	3831000	3834000	1.1659340629218404
1	3834000	3837000	1.2910497068020774
1	3837000	3840000	1.0910635767794166
1	3840000	3843000	1.004631943655473
1	3843000	3846000	1.004631943655473
1	3846000	3849000	1.1659340629218404
1	3849000	3852000	0.9024050191614638
1	3852000	3855000	1.231974512029719
1	3855000	3858000	1.231974512029719
1	3858000	3861000	1.4381562383898647
1	3861000	3864000	1.2910497068020774
1	3864000	3867000	1.3932766312960865
1	3867000	3870000	1.2910497068020774
1	3870000	3873000	1.0910635767794166
1	3873000	3876000	1.0910635767794166
1	3876000	3879000	1.3932766312960865
1	3879000	3882000	0.6159872560148595
1	3882000	3885000	0.7772893752812271
1	3885000	3888000	0.9024050191614638
1	3888000	3891000	1.4381562383898647
1	3891000	3894000	1.8048100383229275
1	3894000	3897000	1.47970826442003
1	3897000	3900000	0.9024050191614638
1	3900000	3903000	1.0910635767794166
1	3903000	3906000	0.7772893752812271
1	3906000	3909000	0.7772893752812271
1	3909000	3912000	0.7772893752812271
1	3912000	3915000	0.6159872560148595
1	3915000	3918000	0.6159872560148595
1	3918000	3921000	0.9024050191614638
1	3921000	3924000	1.004631943655473
1	3924000	3927000	0.9024050191614638
1	3927000	3930000	1.0910635767794166
1	3930000	3933000	0.7772893752812271
1	3933000	3936000	1.1659340629218404
1	3936000	3939000	0.9024050191614638
1	3939000	3942000	1.0910635767794166
1	3942000	3945000	0.7772893752812271
1	3945000	3948000	0.38864468764061355
1	3948000	3951000	0.6159872560148595
1	3951000	3954000	0.6159872560148595
1	3954000	3957000	0.9024050191614638
1	3957000	3960000	1.0910635767794166
1	3960000	3963000	1.004631943655473
1	3963000	3966000	0.6159872560148595
1	3966000	3969000	1.0910635767794166
1	3969000	3972000	1.004631943655473
1	3972000	3975000	1.0910635767794166
1	3975000	3978000	1.1659340629218404
1	3978000	3981000	1.231974512029719
1	3981000	3984000	1.0910635767794166
1	3984000	3987000	1.231974512029719
1	3987000	3990000	1.004631943655473
1	3990000	3993000	1.004631943655473
1	3993000	3996000	0.6159872560148595
1	3996000	3999000	0.9024050191614638
1	3999000	4002000	1.3932766312960865
1	4002000	4005000	1.5183922751763232
1	4005000	4008000	1.1659340629218404
1	4008000	4011000	1.1659340629218404
1	4011000	4014000	1.0910635767794166
1	4014000	4017000	1.0910635767794166
1	4017000	4020000	1.231974512029719
1	4020000	4023000	0.6159872560148595
1	4023000	4026000	0.7772893752812271
1	4026000	4029000	1.0910635767794166
1	4029000	4032000	1.0910635767794166
1	4032000	4035000	0.6159872560148595
1	4035000	4038000	0.38864468764061355
1	4038000	4041000	0.9024050191614638
1	4041000	4044000	0.6159872560148595
1	4044000	4047000	1.1659340629218404
1	4047000	4050000	0.6159872560148595
1	4050000	4053000	1.1659340629218404
1	4053000	4056000	1.3444897208393547
1	4056000	4059000	1.1659340629218404
1	4059000	4062000	0.9024050191614638
1	4062000	4065000	0.6159872560148595
1	4065000	4068000	1.4381562383898647
1	4068000	4071000	1.1659340629218404
1	4071000	4074000	0.7772893752812271
1	4074000	4077000	1.004631943655473
1	4077000	4080000	0.6159872560148595
1	4080000	4083000	1.004631943655473
1	4083000	4086000	0.9024050191614638
1	4086000	4089000	0.0
1	4089000	4092000	0.9024050191614638
1	4092000	4095000	1.1659340629218404
1	4095000	4098000	1.004631943655473
1	4098000	4101000	1.004631943655473
1	4101000	4104000	0.9024050191614638
1	4104000	4107000	0.6159872560148595
1	4107000	4110000	1.231974512029719
1	4110000	4113000	1.004631943655473
1	4113000	4116000	0.7772893752812271
1	4116000	4119000	0.38864468764061355
1	4119000	4122000	1.004631943655473
1	4122000	4125000	0.7772893752812271
1	4125000	4128000	1.3444897208393547
1	4128000	4131000	0.9024050191614638
1	4131000	4134000	0.9024050191614638
1	4134000	4137000	1.231974512029719
1	4137000	4140000	0.7772893752812271
1	4140000	4143000	0.6159872560148595
1	4143000	4146000	0.9024050191614638
1	4146000	4149000	0.6159872560148595
1	4149000	4152000	1.0910635767794166
1	4152000	4155000	0.9024050191614638
1	4155000	4158000	1.1659340629218404
1	4158000	4161000	0.7772893752812271
1	4161000	4164000	0.7772893752812271
1	4164000	4167000	1.0910635767794166
1	4167000	4170000	1.3444897208393547
1	4170000	4173000	2.0683390820833045
1	4173000	4176000	2.2045579751952125
1	4176000	4179000	1.7580583234347407
1	4179000	4182000	0.38864468764061355
1	4182000	4185000	0.9024050191614638
1	4185000	4188000	0.9024050191614638
1	4188000	4191000	1.3444897208393547
1	4191000	4194000	1.4381562383898647
1	4194000	4197000	1.0910635767794166
1	4197000	4200000	1.231974512029719
1	4200000	4203000	1.0910635767794166
1	4203000	4206000	1.1659340629218404
1	4206000	4209000	0.7772893752812271
1	4209000	4212000	0.9024050191614638
1	4212000	4215000	1.1659340629218404
1	4215000	4218000	1.231974512029719
1	4218000	4221000	0.9024050191614638
1	4221000	4224000	0.9024050191614638
1	4224000	4227000	1.004631943655473
1	4227000	4230000	0.7772893752812271
1	4230000	4233000	0.7772893752812271
1	4233000	4236000	0.9024050191614638
1	4236000	4239000	1.004631943655473
1	4239000	4242000	1.3444897208393547
1	4242000	4245000	1.2910497068020774
1	4245000	4248000	1.1659340629218404
1	4248000	4251000	0.7772893752812271
1	4251000	4254000	0.6159872560148595
1	4254000	4257000	1.0910635767794166
1	4257000	4260000	0.9024050191614638
1	4260000	4263000	0.6159872560148595
1	4263000	4266000	1.0910635767794166
1	4266000	4269000	0.9024050191614638
1	4269000	4272000	0.38864468764061355
1	4272000	4275000	0.7772893752812271
1	4275000	4278000	0.7772893752812271
1	4278000	4281000	0.9024050191614638
1	4281000	4284000	1.0910635767794166
1	4284000	4287000	0.6159872560148595
1	4287000	4290000	1.004631943655473
1	4290000	4293000	1.0910635767794166
1	4293000	4296000	1.004631943655473
1	4296000	4299000	1.0910635767794166
1	4299000	4302000	0.7772893752812271
1	4302000	4305000	0.0
1	4305000	4308000	0.6159872560148595
1	4308000	4311000	0.9024050191614638
1	4311000	4314000	0.7772893752812271
1	4314000	4317000	0.7772893752812271
1	4317000	4320000	0.7772893752812271
1	4320000	4323000	0.38864468764061355
1	4323000	4326000	0.9024050191614638
1	4326000	4329000	0.6159872560148595
1	4329000	4332000	0.9024050191614638
1	4332000	4335000	0.9024050191614638
1	4335000	4338000	0.38864468764061355
1	4338000	4341000	0.7772893752812271
1	4341000	4344000	1.004631943655473
1	4344000	4347000	0.38864468764061355
1	4347000	4350000	0.0
1	4350000	4353000	0.6159872560148595
1	4353000	4356000	0.7772893752812271
1	4356000	4359000	0.7772893752812271
1	4359000	4362000	1.0910635767794166
1	4362000	4365000	0.38864468764061355
1	4365000	4368000	0.0
1	4368000	4371000	0.7772893752812271
1	4371000	4374000	0.6159872560148595
1	4374000	4377000	0.7772893752812271
1	4377000	4380000	0.9024050191614638
1	4380000	4383000	0.7772893752812271
1	4383000	4386000	0.38864468764061355
1	4386000	4389000	1.1659340629218404
1	4389000	4392000	0.38864468764061355
1	4392000	4395000	0.7772893752812271
1	4395000	4398000	0.6159872560148595
1	4398000	4401000	0.38864468764061355
1	4401000	4404000	1.004631943655473
1	4404000	4407000	0.6159872560148595
1	4407000	4410000	0.6159872560148595
1	4410000	4413000	0.7772893752812271
1	4413000	4416000	0.9024050191614638
1	4416000	4419000	1.0910635767794166
1	4419000	4422000	0.6159872560148595
1	4422000	4425000	0.7772893752812271
1	4425000	4428000	1.004631943655473
1	4428000	4431000	0.38864468764061355
1	4431000	4434000	1.004631943655473
1	4434000	4437000	0.6159872560148595
1	4437000	4440000	0.6159872560148595
1	4440000	4443000	0.7772893752812271
1	4443000	4446000	0.7772893752812271
1	4446000	4449000	0.7772893752812271
1	4449000	4452000	0.9024050191614638
1	4452000	4455000	0.38864468764061355
1	4455000	4458000	0.6159872560148595
1	4458000	4461000	0.38864468764061355
1	4461000	4464000	0.9024050191614638
1	4464000	4467000	0.7772893752812271
1	4467000	4470000	0.9024050191614638
1	4470000	4473000	1.004631943655473
1	4473000	4476000	0.9024050191614638
1	4476000	4479000	0.0
1	4479000	4482000	0.38864468764061355
1	4482000	4485000	0.6159872560148595
1	4485000	4488000	0.6159872560148595
1	4488000	4491000	0.0
1	4491000	4494000	0.38864468764061355
1	4494000	4497000	1.1659340629218404
1	4497000	4500000	1.004631943655473
1	4500000	4503000	0.0
1	4503000	4506000	1.3444897208393547
1	4506000	4509000	1.0910635767794166
1	4509000	4512000	1.004631943655473
1	4512000	4515000	1.0910635767794166
1	4515000	4518000	1.2910497068020774
1	4518000	4521000	2.024626376063206
1	4521000	4524000	1.9432234382030678
1	4524000	4527000	1.960476976854214
1	4527000	4530000	1.7580583234347407
1	4530000	4533000	1.5183922751763232
1	4533000	4536000	1.231974512029719
1	4536000	4539000	1.3932766312960865
1	4539000	4542000	1.5885707191803529
1	4542000	4545000	0.6159872560148595
1	4545000	4548000	1.004631943655473
1	4548000	4551000	1.004631943655473
1	4551000	4554000	1.2910497068020774
1	4554000	4557000	0.38864468764061355
1	4557000	4560000	0.6159872560148595
1	4560000	4563000	0.9024050191614638
1	4563000	4566000	0.9024050191614638
1	4566000	4569000	0.6159872560148595
1	4569000	4572000	0.38864468764061355
1	4572000	4575000	1.0910635767794166
1	4575000	4578000	0.38864468764061355
1	4578000	4581000	0.38864468764061355
1	4581000	4584000	0.38864468764061355
1	4584000	4587000	0.0
1	4587000	4590000	0.0
1	4590000	4593000	0.9024050191614638
1	4593000	4596000	1.004631943655473
1	4596000	4599000	1.004631943655473
1	4599000	4602000	1.1659340629218404
1	4602000	4605000	0.9024050191614638
1	4605000	4608000	1.7331344084799682
1	4608000	4611000	1.5545787505624542
1	4611000	4614000	1.004631943655473
1	4614000	4617000	0.7772893752812271
1	4617000	4620000	0.0
1	4620000	4623000	0.6159872560148595
1	4623000	4626000	0.7772893752812271
1	4626000	4629000	0.6159872560148595
1	4629000	4632000	0.38864468764061355
1	4632000	4635000	0.9024050191614638
1	4635000	4638000	0.6159872560148595
1	4638000	4641000	0.6159872560148595
1	4641000	4644000	0.7772893752812271
1	4644000	4647000	0.38864468764061355
1	4647000	4650000	0.6159872560148595
1	4650000	4653000	0.6159872560148595
1	4653000	4656000	0.38864468764061355
1	4656000	4659000	0.7772893752812271
1	4659000	4662000	0.38864468764061355
1	4662000	4665000	0.6159872560148595
1	4665000	4668000	0.7772893752812271
1	4668000	4671000	0.0
1	4671000	4674000	0.38864468764061355
1	4674000	4677000	0.6159872560148595
1	4677000	4680000	0.7772893752812271
1	4680000	4683000	0.6159872560148595
1	4683000	4686000	0.0
1	4686000	4689000	0.38864468764061355
1	4689000	4692000	0.7772893752812271
1	4692000	4695000	0.7772893752812271
1	4695000	4698000	1.0910635767794166
1	4698000	4701000	0.6159872560148595
1	4701000	4704000	0.6159872560148595
1	4704000	4707000	0.9024050191614638
1	4707000	4710000	0.7772893752812271
1	4710000	4713000	0.9024050191614638
1	4713000	4716000	1.0910635767794166
1	4716000	4719000	0.7772893752812271
1	4719000	4722000	0.0
1	4722000	4725000	0.9024050191614638
1	4725000	4728000	1.004631943655473
1	4728000	4731000	0.7772893752812271
1	4731000	4734000	0.6159872560148595
1	4734000	4737000	0.6159872560148595
1	4737000	4740000	1.0910635767794166
1	4740000	4743000	1.231974512029719
1	4743000	4746000	0.6159872560148595
1	4746000	4749000	0.6159872560148595
1	4749000	4752000	0.9024050191614638
1	4752000	4755000	0.6159872560148595
1	4755000	4758000	0.0
1	4758000	4761000	0.7772893752812271
1	4761000	4764000	0.6159872560148595
1	4764000	4767000	0.7772893752812271
1	4767000	4770000	0.9024050191614638
1	4770000	4773000	1.1659340629218404
1	4773000	4776000	1.0910635767794166
1	4776000	4779000	1.004631943655473
1	4779000	4782000	0.9024050191614638
1	4782000	4785000	0.7772893752812271
1	4785000	4788000	1.231974512029719
1	4788000	4791000	1.3444897208393547
1	4791000	4794000	0.9024050191614638
1	4794000	4797000	0.9024050191614638
1	4797000	4800000	1.004631943655473
1	4800000	4803000	0.7772893752812271
1	4803000	4806000	1.1659340629218404
1	4806000	4809000	1.231974512029719
1	4809000	4812000	1.2910497068020774
1	4812000	4815000	1.0910635767794166
1	4815000	4818000	1.0910635767794166
1	4818000	4821000	1.2910497068020774
1	4821000	4824000	1.231974512029719
1	4824000	4827000	1.231974512029719
1	4827000	4830000	1.4381562383898647
1	4830000	4833000	1.004631943655473
1	4833000	4836000	1.004631943655473
1	4836000	4839000	1.3932766312960865
1	4839000	4842000	1.231974512029719
1	4842000	4845000	1.1659340629218404
1	4845000	4848000	1.4381562383898647
1	4848000	4851000	1.5885707191803529
1	4851000	4854000	1.3444897208393547
1	4854000	4857000	1.6509344615822503
1	4857000	4860000	1.6206191996703323
1	4860000	4863000	1.7331344084799682
1	4863000	4866000	1.2910497068020774
1	4866000	4869000	1.5885707191803529
1	4869000	4872000	1.2910497068020774
1	4872000	4875000	1.0910635767794166
1	4875000	4878000	1.47970826442003
1	4878000	4881000	1.231974512029719
1	4881000	4884000	1.3932766312960865
1	4884000	4887000	1.4381562383898647
1	4887000	4890000	1.5885707191803529
1	4890000	4893000	1.5183922751763232
1	4893000	4896000	1.5545787505624542
1	4896000	4899000	1.5885707191803529
1	4899000	4902000	1.8268009260304785
1	4902000	4905000	1.8479617680445783
1	4905000	4908000	1.9432234382030678
1	4908000	4911000	2.314066765201201
1	4911000	4914000	2.226125855893996
1	4914000	4917000	2.236606455685192
1	4917000	4920000	2.215445613671092
1	4920000	4923000	2.1088889706464675
1	4923000	4926000	2.039579149222864
1	4926000	4929000	1.9432234382030678
1	4929000	4932000	1.707050832794276
1	4932000	4935000	1.1659340629218404
1	4935000	4938000	1.4381562383898647
1	4938000	4941000	1.004631943655473
1	4941000	4944000	1.004631943655473
1	4944000	4947000	1.0910635767794166
1	4947000	4950000	0.9024050191614638
1	4950000	4953000	1.004631943655473
1	4953000	4956000	1.231974512029719
1	4956000	4959000	0.7772893752812271
1	4959000	4962000	0.7772893752812271
1	4962000	4965000	1.5183922751763232
1	4965000	4968000	1.004631943655473
1	4968000	4971000	1.1659340629218404
1	4971000	4974000	1.8048100383229275
1	4974000	4977000	1.6206191996703323
1	4977000	4980000	1.0910635767794166
1	4980000	4983000	1.0910635767794166
1	4983000	4986000	1.47970826442003
1	4986000	4989000	1.004631943655473
1	4989000	4992000	1.004631943655473
1	4992000	4995000	0.9024050191614638
1	4995000	4998000	1.004631943655473
1	4998000	5001000	1.004631943655473
1	5001000	5004000	1.1659340629218404
1	5004000	5007000	0.38864468764061355
1	5007000	5010000	1.1659340629218404
1	5010000	5013000	0.6159872560148595
1	5013000	5016000	1.0910635767794166
1	5016000	5019000	1.1659340629218404
1	5019000	5022000	0.6159872560148595
1	5022000	5025000	0.7772893752812271
1	5025000	5028000	0.6159872560148595
1	5028000	5031000	1.231974512029719
1	5031000	5034000	1.1659340629218404
1	5034000	5037000	0.9024050191614638
1	5037000	5040000	0.6159872560148595
1	5040000	5043000	1.0910635767794166
1	5043000	5046000	1.1659340629218404
1	5046000	5049000	1.4381562383898647
1	5049000	5052000	1.47970826442003
1	5052000	5055000	1.9254220775605873
1	5055000	5058000	1.6796943944426908
1	5058000	5061000	1.5545787505624542
1	5061000	5064000	1.231974512029719
1	5064000	5067000	1.1659340629218404
1	5067000	5070000	1.3444897208393547
1	5070000	5073000	0.38864468764061355
1	5073000	5076000	1.004631943655473
1	5076000	5079000	1.1659340629218404
1	5079000	5082000	0.38864468764061355
1	5082000	5085000	1.004631943655473
1	5085000	5088000	1.004631943655473
1	5088000	5091000	0.6159872560148595
1	5091000	5094000	0.9024050191614638
1	5094000	5097000	1.1659340629218404
1	5097000	5100000	0.9024050191614638
1	5100000	5103000	1.0910635767794166
1	5103000	5106000	0.7772893752812271
1	5106000	5109000	0.6159872560148595
1	5109000	5112000	0.9024050191614638
1	5112000	5115000	1.004631943655473
1	5115000	5118000	1.1659340629218404
1	5118000	5121000	1.0910635767794166
1	5121000	5124000	0.7772893752812271
1	5124000	5127000	1.2910497068020774
1	5127000	5130000	1.0910635767794166
1	5130000	5133000	0.6159872560148595
1	5133000	5136000	1.004631943655473
1	5136000	5139000	0.6159872560148595
1	5139000	5142000	0.7772893752812271
1	5142000	5145000	0.7772893752812271
1	5145000	5148000	1.3444897208393547
1	5148000	5151000	1.0910635767794166
1	5151000	5154000	1.1659340629218404
1	5154000	5157000	1.1659340629218404
1	5157000	5160000	0.9024050191614638
1	5160000	5163000	1.004631943655473
1	5163000	5166000	0.9024050191614638
1	5166000	5169000	0.9024050191614638
1	5169000	5172000	1.47970826442003
1	5172000	5175000	1.9772154068209666
1	5175000	5178000	1.8048100383229275
1	5178000	5181000	1.2910497068020774
1	5181000	5184000	1.3932766312960865
1	5184000	5187000	1.3444897208393547
1	5187000	5190000	1.6206191996703323
1	5190000	5193000	1.7819213189367002
1	5193000	5196000	2.039579149222864
1	5196000	5199000	2.0683390820833045
1	5199000	5202000	1.8048100383229275
1	5202000	5205000	1.8880285064153923
1	5205000	5208000	1.9432234382030678
1	5208000	5211000	2.0821841253531383
1	5211000	5214000	1.9772154068209666
1	5214000	5217000	2.0683390820833045
1	5217000	5220000	2.009263887310946
1	5220000	5223000	2.054143494404724
1	5223000	5226000	1.960476976854214
1	5226000	5229000	1.960476976854214
1	5229000	5232000	1.6509344615822503
1	5232000	5235000	1.4381562383898647
1	5235000	5238000	1.3932766312960865
1	5238000	5241000	1.2910497068020774
1	5241000	5244000	1.8048100383229275
1	5244000	5247000	2.2045579751952125
1	5247000	5250000	1.8268009260304785
1	5250000	5253000	1.707050832794276
1	5253000	5256000	1.6509344615822503
1	5256000	5259000	1.231974512029719
1	5259000	5262000	1.4381562383898647
1	5262000	5265000	1.4381562383898647
1	5265000	5268000	1.231974512029719
1	5268000	5271000	1.231974512029719
1	5271000	5274000	1.4381562383898647
1	5274000	5277000	1.5885707191803529
1	5277000	5280000	1.47970826442003
1	5280000	5283000	1.47970826442003
1	5283000	5286000	1.3444897208393547
1	5286000	5289000	1.0910635767794166
1	5289000	5292000	1.2910497068020774
1	5292000	5295000	1.5545787505624542
1	5295000	5298000	1.1659340629218404
1	5298000	5301000	1.2910497068020774
1	5301000	5304000	0.6159872560148595
1	5304000	5307000	1.2910497068020774
1	5307000	5310000	1.0910635767794166
1	5310000	5313000	1.004631943655473
1	5313000	5316000	0.38864468764061355
1	5316000	5319000	1.0910635767794166
1	5319000	5322000	1.0910635767794166
1	5322000	5325000	1.004631943655473
1	5325000	5328000	0.7772893752812271
1	5328000	5331000	1.004631943655473
1	5331000	5334000	1.0910635767794166
1	5334000	5337000	1.231974512029719
1	5337000	5340000	1.3444897208393547
1	5340000	5343000	1.3444897208393547
1	5343000	5346000	1.1659340629218404
1	5346000	5349000	1.3444897208393547
1	5349000	5352000	1.004631943655473
1	5352000	5355000	1.3932766312960865
1	5355000	5358000	1.0910635767794166
1	5358000	5361000	1.231974512029719
1	5361000	5364000	1.004631943655473
1	5364000	5367000	1.231974512029719
1	5367000	5370000	1.231974512029719
1	5370000	5373000	1.004631943655473
1	5373000	5376000	0.9024050191614638
1	5376000	5379000	1.0910635767794166
1	5379000	5382000	0.7772893752812271
1	5382000	5385000	0.9024050191614638
1	5385000	5388000	0.0
1	5388000	5391000	0.7772893752812271
1	5391000	5394000	1.004631943655473
1	5394000	5397000	0.9024050191614638
1	5397000	5400000	1.1659340629218404
1	5400000	5403000	0.9024050191614638
1	5403000	5406000	1.1659340629218404
1	5406000	5409000	0.6159872560148595
1	5409000	5412000	0.7772893752812271
1	5412000	5415000	0.7772893752812271
1	5415000	5418000	0.6159872560148595
1	5418000	5421000	1.004631943655473
1	5421000	5424000	0.9024050191614638
1	5424000	5427000	1.004631943655473
1	5427000	5430000	0.9024050191614638
1	5430000	5433000	1.004631943655473
1	5433000	5436000	1.1659340629218404
1	5436000	5439000	1.1659340629218404
1	5439000	5442000	1.8268009260304785
1	5442000	5445000	2.024626376063206
1	5445000	5448000	1.3932766312960865
1	5448000	5451000	0.6159872560148595
1	5451000	5454000	1.3444897208393547
1	5454000	5457000	0.9024050191614638
1	5457000	5460000	0.9024050191614638
1	5460000	5463000	1.3444897208393547
1	5463000	5466000	1.2910497068020774
1	5466000	5469000	1.004631943655473
1	5469000	5472000	1.004631943655473
1	5472000	5475000	1.0910635767794166
1	5475000	5478000	1.0910635767794166
1	5478000	5481000	1.004631943655473
1	5481000	5484000	0.9024050191614638
1	5484000	5487000	1.3932766312960865
1	5487000	5490000	1.4381562383898647
1	5490000	5493000	0.7772893752812271
1	5493000	5496000	0.6159872560148595
1	5496000	5499000	0.38864468764061355
1	5499000	5502000	1.004631943655473
1	5502000	5505000	0.9024050191614638
1	5505000	5508000	1.0910635767794166
1	5508000	5511000	0.38864468764061355
1	5511000	5514000	0.6159872560148595
1	5514000	5517000	1.004631943655473
1	5517000	5520000	0.9024050191614638
1	5520000	5523000	0.9024050191614638
1	5523000	5526000	0.9024050191614638
1	5526000	5529000	0.6159872560148595
1	5529000	5532000	0.0
1	5532000	5535000	1.0910635767794166
1	5535000	5538000	0.9024050191614638
1	5538000	5541000	0.38864468764061355
1	5541000	5544000	0.7772893752812271
1	5544000	5547000	0.38864468764061355
1	5547000	5550000	0.6159872560148595
1	5550000	5553000	0.7772893752812271
1	5553000	5556000	0.9024050191614638
1	5556000	5559000	0.6159872560148595
1	5559000	5562000	0.7772893752812271
1	5562000	5565000	0.7772893752812271
1	5565000	5568000	0.9024050191614638
1	5568000	5571000	0.9024050191614638
1	5571000	5574000	0.9024050191614638
1	5574000	5577000	0.6159872560148595
1	5577000	5580000	0.38864468764061355
1	5580000	5583000	1.4381562383898647
1	5583000	5586000	1.9934685959408802
1	5586000	5589000	1.5545787505624542
1	5589000	5592000	0.7772893752812271
1	5592000	5595000	0.6159872560148595
1	5595000	5598000	0.7772893752812271
1	5598000	5601000	0.7772893752812271
1	5601000	5604000	0.7772893752812271
1	5604000	5607000	1.004631943655473
1	5607000	5610000	0.9024050191614638
1	5610000	5613000	0.38864468764061355
1	5613000	5616000	0.9024050191614638
1	5616000	5619000	0.9024050191614638
1	5619000	5622000	0.38864468764061355
1	5622000	5625000	0.7772893752812271
1	5625000	5628000	0.0
1	5628000	5631000	1.231974512029719
1	5631000	5634000	1.0910635767794166
1	5634000	5637000	1.4381562383898647
1	5637000	5640000	1.0910635767794166
1	5640000	5643000	0.6159872560148595
1	5643000	5646000	1.004631943655473
1	5646000	5649000	0.7772893752812271
1	5649000	5652000	0.38864468764061355
1	5652000	5655000	1.0910635767794166
1	5655000	5658000	0.38864468764061355
1	5658000	5661000	0.9024050191614638
1	5661000	5664000	0.7772893752812271
1	5664000	5667000	1.004631943655473
1	5667000	5670000	0.6159872560148595
1	5670000	5673000	0.38864468764061355
1	5673000	5676000	0.7772893752812271
1	5676000	5679000	1.004631943655473
1	5679000	5682000	2.146703011075354
1	5682000	5685000	1.9934685959408802
1	5685000	5688000	0.38864468764061355
1	5688000	5691000	0.38864468764061355
1	5691000	5694000	0.6159872560148595
1	5694000	5697000	0.0
1	5697000	5700000	1.004631943655473
1	5700000	5703000	0.6159872560148595
1	5703000	5706000	0.9024050191614638
1	5706000	5709000	0.9024050191614638
1	5709000	5712000	0.38864468764061355
1	5712000	5715000	0.38864468764061355
1	5715000	5718000	0.38864468764061355
1	5718000	5721000	1.0910635767794166
1	5721000	5724000	0.38864468764061355
1	5724000	5727000	0.7772893752812271
1	5727000	5730000	0.9024050191614638
1	5730000	5733000	0.6159872560148595
1	5733000	5736000	0.6159872560148595
1	5736000	5739000	0.0
1	5739000	5742000	1.004631943655473
1	5742000	5745000	0.6159872560148595
1	5745000	5748000	0.7772893752812271
1	5748000	5751000	0.6159872560148595
1	5751000	5754000	1.0910635767794166
1	5754000	5757000	1.004631943655473
1	5757000	5760000	1.1659340629218404
1	5760000	5763000	1.004631943655473
1	5763000	5766000	0.9024050191614638
1	5766000	5769000	1.5885707191803529
1	5769000	5772000	0.9024050191614638
1	5772000	5775000	0.7772893752812271
1	5775000	5778000	0.0
1	5778000	5781000	1.1659340629218404
1	5781000	5784000	1.1659340629218404
1	5784000	5787000	0.9024050191614638
1	5787000	5790000	0.7772893752812271
1	5790000	5793000	0.9024050191614638
1	5793000	5796000	1.0910635767794166
1	5796000	5799000	1.004631943655473
1	5799000	5802000	0.6159872560148595
1	5802000	5805000	0.38864468764061355
1	5805000	5808000	0.38864468764061355
1	5808000	5811000	1.0910635767794166
1	5811000	5814000	1.47970826442003
1	5814000	5817000	0.7772893752812271
1	5817000	5820000	0.6159872560148595
1	5820000	5823000	0.0
1	5823000	5826000	0.38864468764061355
1	5826000	5829000	0.7772893752812271
1	5829000	5832000	0.7772893752812271
1	5832000	5835000	1.004631943655473
1	5835000	5838000	0.7772893752812271
1	5838000	5841000	0.9024050191614638
1	5841000	5844000	0.9024050191614638
1	5844000	5847000	0.9024050191614638
1	5847000	5850000	0.38864468764061355
1	5850000	5853000	1.231974512029719
1	5853000	5856000	0.9024050191614638
1	5856000	5859000	0.9024050191614638
1	5859000	5862000	0.9024050191614638
1	5862000	5865000	1.0910635767794166
1	5865000	5868000	1.3932766312960865
1	5868000	5871000	1.3444897208393547
1	5871000	5874000	1.3444897208393547
1	5874000	5877000	1.1659340629218404
1	5877000	5880000	1.3444897208393547
1	5880000	5883000	1.7819213189367002
1	5883000	5886000	1.8479617680445783
1	5886000	5889000	2.170566006577314
1	5889000	5892000	1.9254220775605873
1	5892000	5895000	1.3444897208393547
1	5895000	5898000	1.231974512029719
1	5898000	5901000	1.231974512029719
1	5901000	5904000	1.004631943655473
1	5904000	5907000	1.004631943655473
1	5907000	5910000	1.231974512029719
1	5910000	5913000	1.0910635767794166
1	5913000	5916000	1.004631943655473
1	5916000	5919000	1.1659340629218404
1	5919000	5922000	1.1659340629218404
1	5922000	5925000	1.231974512029719
1	5925000	5928000	1.231974512029719
1	5928000	5931000	1.47970826442003
1	5931000	5934000	1.4381562383898647
1	5934000	5937000	1.5183922751763232
1	5937000	5940000	1.5545787505624542
1	5940000	5943000	1.5545787505624542
1	5943000	5946000	1.3444897208393547
1	5946000	5949000	1.3444897208393547
1	5949000	5952000	1.3932766312960865
1	5952000	5955000	1.4381562383898647
1	5955000	5958000	1.6206191996703323
1	5958000	5961000	1.231974512029719
1	5961000	5964000	1.3444897208393547
1	5964000	5967000	1.6796943944426908
1	5967000	5970000	1.8268009260304785
1	5970000	5973000	1.9070369628169368
1	5973000	5976000	1.8268009260304785
1	5976000	5979000	1.5545787505624542
1	5979000	5982000	1.6796943944426908
1	5982000	5985000	1.6796943944426908
1	5985000	5988000	1.5545787505624542
1	5988000	5991000	1.5183922751763232
1	5991000	5994000	1.47970826442003
1	5994000	5997000	1.4381562383898647
1	5997000	6000000	1.6509344615822503
1	6000000	6003000	1.0910635767794166
1	6003000	6006000	1.3444897208393547
1	6006000	6009000	1.5885707191803529
1	6009000	6012000	1.7331344084799682
1	6012000	6015000	1.7331344084799682
1	6015000	6018000	1.7580583234347407
1	6018000	6021000	1.8683529520606437
1	6021000	6024000	1.7819213189367002
1	6024000	6027000	1.9254220775605873
1	6027000	6030000	1.9432234382030678
1	6030000	6033000	1.9070369628169368
1	6033000	6036000	2.024626376063206
1	6036000	6039000	1.8880285064153923
1	6039000	6042000	1.707050832794276
1	6042000	6045000	1.8268009260304785
1	6045000	6048000	1.8268009260304785
1	6048000	6051000	1.8268009260304785
1	6051000	6054000	1.960476976854214
1	6054000	6057000	1.9070369628169368
1	6057000	6060000	1.960476976854214
1	6060000	6063000	1.8880285064153923
1	6063000	6066000	1.9254220775605873
1	6066000	6069000	1.9070369628169368
1	6069000	6072000	1.9070369628169368
1	6072000	6075000	1.9254220775605873
1	6075000	6078000	1.9254220775605873
1	6078000	6081000	2.024626376063206
1	6081000	6084000	1.9772154068209666
1	6084000	6087000	2.1088889706464675
1	6087000	6090000	2.236606455685192
